"chamber","leaflitter_total","littercarbon"
"ch01",2219.21,1117.2390824
"ch02",2074.65,1036.71989375
"ch03",2120.98,1056.95503333333
"ch04",2680.28,1396.8614255
"ch05",3458.56,1743.3563392
"ch06",1136.81,591.447507126257
"ch07",1135.3,585.653965833333
"ch08",1575.11,768.784939166666
"ch09",2107.68,1060.452846
"ch10",1749.4,880.691695
"ch11",1963.69,955.013358038688
"ch12",1493.99,750.817124416666
